index,month,day,FFMC,DMC,DC,temp,RH,wind,hypotenuse,burned_area
0,3,5,86.2,26.2,94.3,8.2,51,6.7,8.602325267,0
1,10,2,90.6,35.4,669.1,18,33,0.9,8.062257748,0
2,10,6,90.6,43.7,686.9,14.6,33,1.3,8.062257748,0
3,3,5,91.7,33.3,77.5,8.3,97,4,10,0
4,3,7,89.3,51.3,102.2,11.4,99,1.8,10,0
5,8,7,92.3,85.3,488,22.2,29,5.4,10,0
6,8,1,92.3,88.9,495.6,24.1,27,3.1,10,0
7,8,1,91.5,145.4,608.2,8,86,2.2,10,0
8,9,2,91,129.5,692.6,13.1,63,5.4,10,0
9,9,6,92.5,88,698.6,22.8,40,4,8.602325267,0
10,9,6,92.5,88,698.6,17.8,51,7.2,8.602325267,0
11,9,6,92.8,73.2,713,19.3,38,4,8.602325267,0
12,8,5,63.5,70.8,665.3,17,72,6.7,7.810249676,0
13,9,1,90.9,126.5,686.5,21.3,42,2.2,7.810249676,0
14,9,3,92.9,133.3,699.6,26.4,21,4.5,7.810249676,0
15,9,5,93.3,141.2,713.9,22.9,44,5.4,7.810249676,0
16,3,6,91.7,35.8,80.8,15.1,27,5.4,7.071067812,0
17,10,1,84.9,32.8,664.2,16.7,47,4.9,9.433981132,0
18,3,3,89.2,27.9,70.8,15.9,35,4,7.211102551,0
19,4,6,86.3,27.4,97.1,9.3,44,4.5,7.211102551,0
20,9,2,91,129.5,692.6,18.3,40,2.7,7.211102551,0
21,9,1,91.8,78.5,724.3,19.1,38,2.7,6.403124237,0
22,6,7,94.3,96.3,200,21,44,4.5,8.062257748,0
23,8,6,90.2,110.9,537.4,19.5,43,5.8,8.062257748,0
24,8,6,93.5,139.4,594.2,23.7,32,5.8,8.062257748,0
25,8,7,91.4,142.4,601.4,16.3,60,5.4,8.062257748,0
26,9,5,92.4,117.9,668,19,34,5.8,8.062257748,0
27,9,1,90.9,126.5,686.5,19.4,48,1.3,8.062257748,0
28,9,6,93.4,145.4,721.4,30.2,24,2.7,6.708203932,0
29,9,7,93.5,149.3,728.6,22.8,39,3.6,6.708203932,0
30,9,5,94.3,85.1,692.3,25.4,24,3.6,6.708203932,0
31,9,1,88.6,91.8,709.9,11.2,78,7.6,6.708203932,0
32,9,5,88.6,69.7,706.8,20.6,37,1.8,6.708203932,0
33,9,7,91.7,75.6,718.3,17.7,39,3.6,6.708203932,0
34,9,1,91.8,78.5,724.3,21.2,32,2.7,6.708203932,0
35,9,2,90.3,80.7,730.2,18.2,62,4.5,6.708203932,0
36,10,2,90.6,35.4,669.1,21.7,24,4.5,6.708203932,0
37,10,5,90,41.5,682.6,11.3,60,5.4,8.062257748,0
38,10,6,90.6,43.7,686.9,17.8,27,4,7.615773106,0
39,3,2,88.1,25.7,67.6,14.1,43,2.7,5.656854249,0
40,7,2,79.5,60.6,366.7,23.3,37,3.1,5.656854249,0
41,8,6,90.2,96.9,624.2,18.4,42,6.7,5.656854249,0
42,8,2,94.8,108.3,647.1,16.6,54,5.4,5.656854249,0
43,9,6,92.5,88,698.6,19.6,48,2.7,5.656854249,0
44,9,3,90.1,82.9,735.7,12.9,74,4.9,5.656854249,0
45,9,3,94.3,85.1,692.3,25.9,24,4,7.810249676,0
46,9,1,90.9,126.5,686.5,14.7,70,3.6,7.810249676,0
47,7,1,94.2,62.3,442.9,23,36,3.1,8.485281374,0
48,3,1,87.2,23.9,64.7,11.8,35,1.8,5.656854249,0
49,3,1,87.6,52.2,103.8,11,46,5.8,5.656854249,0
50,9,4,92.9,137,706.4,20.8,17,1.3,5.656854249,0
51,8,7,90.2,99.6,631.2,21.5,34,2.2,5,0
52,8,3,92.1,111.2,654.1,20.4,42,4.9,5,0
53,8,3,92.1,111.2,654.1,20.4,42,4.9,5,0
54,8,4,91.7,114.3,661.3,17.6,45,3.6,5,0
55,9,4,92.9,137,706.4,27.7,24,2.2,5,0
56,9,2,90.3,80.7,730.2,17.8,63,4.9,5,0
57,10,7,92.6,46.5,691.8,13.8,50,2.7,5,0
58,2,1,84,9.3,34,13.9,40,5.4,2.828427125,0
59,2,5,86.6,13.2,43,12.3,51,0.9,2.828427125,0
60,3,7,89.3,51.3,102.2,11.5,39,5.8,2.828427125,0
61,3,7,89.3,51.3,102.2,5.5,59,6.3,2.828427125,0
62,8,4,93,75.3,466.6,18.8,35,4.9,2.828427125,0
63,8,7,90.2,99.6,631.2,20.8,33,2.7,2.828427125,0
64,8,1,91.1,103.2,638.8,23.1,31,3.1,2.828427125,0
65,8,4,91.7,114.3,661.3,18.6,44,4.5,2.828427125,0
66,9,5,92.4,117.9,668,23,37,4.5,2.828427125,0
67,9,5,92.4,117.9,668,19.6,33,5.4,2.828427125,0
68,9,5,92.4,117.9,668,19.6,33,6.3,2.828427125,0
69,3,5,91.7,33.3,77.5,17.2,26,4.5,6.403124237,0
70,3,5,91.2,48.3,97.8,15.8,27,7.6,6.403124237,0
71,9,5,94.3,85.1,692.3,17.7,37,3.6,6.403124237,0
72,3,5,91.7,33.3,77.5,15.6,25,6.3,6.403124237,0
73,8,2,88.8,147.3,614.5,17.3,43,4.5,6.403124237,0
74,9,5,93.3,141.2,713.9,27.6,30,1.3,6.403124237,0
75,2,4,84.2,6.8,26.6,6.7,79,3.1,12.72792206,0
76,2,5,86.6,13.2,43,15.7,43,3.1,12.72792206,0
77,3,1,87.6,52.2,103.8,8.3,72,3.1,3.16227766,0
78,8,5,90.1,108,529.8,14.7,66,2.7,2.236067977,0
79,8,2,91,121.2,561.6,21.6,19,6.7,2.236067977,0
80,8,7,91.4,142.4,601.4,19.5,39,6.3,2.236067977,0
81,8,7,90.2,99.6,631.2,17.9,44,2.2,2.236067977,0
82,8,2,94.8,108.3,647.1,18.6,51,4.5,2.236067977,0
83,8,3,92.1,111.2,654.1,16.6,47,0.9,2.236067977,0
84,8,4,91.7,114.3,661.3,20.2,45,3.6,2.236067977,0
85,9,4,92.9,137,706.4,21.5,15,0.9,2.236067977,0
86,9,4,92.9,137,706.4,25.4,27,2.2,2.236067977,0
87,9,4,92.9,137,706.4,22.4,34,2.2,2.236067977,0
88,9,7,93.5,149.3,728.6,25.3,36,3.6,2.236067977,0
89,3,6,91.7,35.8,80.8,17.4,25,4.9,7.810249676,0
90,8,6,90.2,96.9,624.2,14.7,59,5.8,7.810249676,0
91,3,5,91.7,35.8,80.8,17.4,24,5.4,10,0
92,8,7,92.3,85.3,488,20.8,32,6.3,10,0
93,8,7,91.4,142.4,601.4,18.2,43,4.9,10,0
94,8,1,91.1,103.2,638.8,23.4,22,2.7,10,0
95,9,7,89.7,90,704.4,17.8,64,1.3,5.656854249,0
96,2,6,83.9,8,30.2,12.7,48,1.8,5,0
97,3,6,69,2.4,15.5,17.4,24,5.4,5,0
98,8,7,91.4,142.4,601.4,11.6,87,4.5,5,0
99,8,7,91.4,142.4,601.4,19.8,39,5.4,5,0
100,8,7,91.4,142.4,601.4,19.8,39,5.4,5,0
101,8,2,88.8,147.3,614.5,14.4,66,5.4,5,0
102,8,2,94.8,108.3,647.1,20.1,40,4,4.472135955,0
103,9,6,92.5,121.1,674.4,24.1,29,4.5,4.472135955,0
104,1,6,82.1,3.7,9.3,5.3,78,3.1,4.472135955,0
105,3,5,85.9,19.5,57.3,12.7,52,6.3,6.403124237,0
106,3,4,91.4,30.7,74.3,18.2,29,3.1,6.403124237,0
107,8,7,90.2,99.6,631.2,21.4,33,3.1,6.403124237,0
108,9,6,92.5,88,698.6,20.3,45,3.1,6.403124237,0
109,9,1,88.6,91.8,709.9,17.4,56,5.4,6.403124237,0
110,3,5,85.9,19.5,57.3,13.7,43,5.8,5.656854249,0
111,3,5,91.7,33.3,77.5,18.8,18,4.5,5,0
112,9,7,89.7,90,704.4,22.8,39,3.6,5,0
113,9,1,91.8,78.5,724.3,18.9,35,2.7,5,0
114,3,2,88.1,25.7,67.6,15.8,27,7.6,5,0
115,3,2,88.1,25.7,67.6,15.5,27,6.3,5.830951895,0
116,3,6,91.7,35.8,80.8,11.6,30,6.3,5,0
117,3,6,91.7,35.8,80.8,15.2,27,4.9,5,0
118,3,1,90.1,39.7,86.6,10.6,30,4,5,0
119,8,4,93,75.3,466.6,19.6,36,3.1,5,0
120,8,1,91.5,145.4,608.2,10.3,74,2.2,5,0
121,8,1,91.5,145.4,608.2,17.1,43,5.4,5,0
122,9,7,92.4,124.1,680.7,22.5,42,5.4,5,0
123,9,2,84.4,73.4,671.9,17.9,45,3.1,5,0
124,9,5,94.3,85.1,692.3,19.8,50,5.4,5,0
125,10,7,92.6,46.5,691.8,20.6,24,5.4,5,0
126,3,1,87.6,52.2,103.8,9,49,2.2,5.830951895,0
127,9,5,93.5,149.3,728.6,17.2,43,3.1,5.830951895,0
128,10,3,91.4,37.9,673.8,15.9,46,3.6,5.830951895,0
129,10,7,92.6,46.5,691.8,15.4,35,0.9,5.385164807,0
130,2,6,68.2,21.5,87.2,15.4,40,2.7,7.211102551,0
131,3,1,87.2,23.9,64.7,14,39,3.1,7.211102551,0
132,3,7,89.3,51.3,102.2,10.6,46,4.9,7.211102551,0
133,9,4,93.7,80.9,685.2,17.6,42,3.1,7.211102551,0
134,3,2,88.1,25.7,67.6,14.9,38,2.7,5.830951895,0
135,8,6,93.5,139.4,594.2,17.6,52,5.8,5.830951895,0
136,9,7,92.4,124.1,680.7,17.2,58,1.3,6.708203932,0
137,9,1,90.9,126.5,686.5,15.6,66,3.1,6.708203932,0
138,7,2,85.8,48.3,313.4,18,42,2.7,12.72792206,0.0036
139,9,2,91,129.5,692.6,21.7,38,2.2,4.123105626,0.0043
140,9,1,90.9,126.5,686.5,21.9,39,1.8,5.385164807,0.0047
141,8,3,95.5,99.9,513.3,23.3,31,4.5,2.236067977,0.0055
142,8,5,90.1,108,529.8,21.2,51,8.9,10,0.0061
143,7,6,90,51.3,296.3,16.6,53,5.4,2.236067977,0.0071
144,8,3,95.5,99.9,513.3,23.8,32,5.4,5.385164807,0.0077
145,8,4,95.2,131.7,578.8,27.4,22,4,7.810249676,0.009
146,3,1,90.1,39.7,86.6,13.2,40,5.4,6.403124237,0.0095
147,9,2,84.4,73.4,671.9,24.2,28,3.6,8.544003745,0.0096
148,8,2,94.8,108.3,647.1,17.4,43,6.7,2.828427125,0.0107
149,9,4,93.7,80.9,685.2,23.7,25,4.5,10,0.0112
150,6,5,92.5,56.4,433.3,23.2,39,5.4,7.810249676,0.0119
151,7,7,90.1,68.6,355.2,24.8,29,2.2,12.72792206,0.0136
152,7,6,90.1,51.2,424.1,24.6,43,1.8,5,0.0143
153,9,5,94.3,85.1,692.3,20.1,47,4.9,6.403124237,0.0146
154,9,6,93.4,145.4,721.4,29.6,27,2.7,5.099019514,0.0146
155,8,7,94.8,108.3,647.1,16.4,47,1.3,8.062257748,0.0156
156,9,6,93.4,145.4,721.4,28.6,27,2.2,4.472135955,0.0161
157,8,3,92.1,111.2,654.1,18.4,45,3.6,2.828427125,0.0163
158,8,3,92.1,111.2,654.1,20.5,35,4,4.472135955,0.0164
159,9,5,92.4,117.9,668,19,34,5.8,8.062257748,0.0169
160,3,1,90.1,39.7,86.6,16.1,29,3.1,8.062257748,0.0175
161,8,4,95.2,131.7,578.8,20.3,41,4,7.211102551,0.019
162,3,6,90.6,50.1,100.4,15.2,31,8.5,6.708203932,0.0194
163,9,6,92.5,121.1,674.4,17.8,56,1.8,10,0.0195
164,9,7,89.7,90,704.4,17.8,67,2.2,9.433981132,0.0201
165,3,4,84.9,18.2,55,5.3,70,4.5,7.810249676,0.0214
166,8,3,92.1,111.2,654.1,16.6,47,0.9,7.810249676,0.0229
167,8,3,96,127.1,570.5,23.4,33,4.5,7.810249676,0.0251
168,3,5,91.2,48.3,97.8,14.6,26,9.4,7.810249676,0.0253
169,8,4,95.2,131.7,578.8,20.7,45,2.2,10,0.0255
170,9,3,92.9,133.3,699.6,21.9,35,1.8,6.403124237,0.0257
171,8,3,85.6,90.4,609.6,17.4,50,4,10,0.0269
172,8,7,91.4,142.4,601.4,20.1,39,5.4,8.062257748,0.0274
173,9,1,90.9,126.5,686.5,17.7,39,2.2,5.656854249,0.0307
174,8,6,90.2,96.9,624.2,14.2,53,1.8,4.123105626,0.035
175,8,6,90.2,96.9,624.2,20.3,39,4.9,4.123105626,0.0453
176,4,4,81.5,9.1,55.2,5.8,54,5.8,7.810249676,0.0461
177,8,7,90.2,99.6,631.2,19.2,44,2.7,5.385164807,0.0469
178,9,3,90.1,82.9,735.7,18.3,45,2.2,5.385164807,0.0488
179,8,2,88.8,147.3,614.5,14.4,66,5.4,10,0.0523
180,9,7,92.4,124.1,680.7,23.9,32,6.7,3.16227766,0.0533
181,10,1,84.9,32.8,664.2,19.1,32,4,10,0.0544
182,2,7,86.8,15.6,48.3,12.4,53,2.2,6.403124237,0.0638
183,10,1,91.7,48.5,696.1,16.8,45,4.5,8.062257748,0.0683
184,8,5,93.9,135.7,586.7,20.8,34,4.9,10,0.0696
185,9,2,91,129.5,692.6,17.6,46,3.1,5.385164807,0.0704
186,3,7,89.3,51.3,102.2,11.5,39,5.8,10,0.0719
187,9,1,90.9,126.5,686.5,21,42,2.2,5.099019514,0.073
188,3,6,90.8,41.9,89.4,13.3,42,0.9,7.211102551,0.074
189,3,7,90.7,44,92.4,11.5,60,4,8.062257748,0.0824
190,3,5,91.2,48.3,97.8,11.7,33,4,7.810249676,0.0831
191,8,4,95.2,131.7,578.8,24.2,28,2.7,5.385164807,0.0868
192,8,2,94.8,108.3,647.1,24.6,22,4.5,2.828427125,0.0871
193,9,3,92.9,133.3,699.6,24.3,25,4,6.403124237,0.0941
194,8,2,94.8,108.3,647.1,24.6,22,4.5,2.828427125,0.1001
195,8,5,93.9,135.7,586.7,23.5,36,5.4,5.385164807,0.1002
196,4,4,81.5,9.1,55.2,5.8,54,5.8,7.810249676,0.1093
197,9,4,92.9,137,706.4,21.5,15,0.9,6.403124237,0.1106
198,9,2,91,129.5,692.6,13.9,59,6.3,5,0.1124
199,9,1,63.5,70.8,665.3,22.6,38,3.6,4.472135955,0.1132
200,9,2,91,129.5,692.6,21.6,33,2.2,5.099019514,0.1153
201,3,7,90.1,37.6,83.7,12.4,54,3.6,7.810249676,0.121
202,2,7,83.9,8.7,32.1,8.8,68,2.2,8.062257748,0.1305
203,10,3,91.4,37.9,673.8,20.2,37,2.7,10,0.137
204,3,6,90.6,50.1,100.4,15.1,64,4,7.810249676,0.1399
205,9,4,92.9,137,706.4,22.1,34,1.8,6.403124237,0.1457
206,8,6,93.5,139.4,594.2,22.9,31,7.2,2.828427125,0.1545
207,9,2,91,129.5,692.6,20.7,37,2.2,8.602325267,0.172
208,9,5,92.4,117.9,668,19.6,33,6.3,7.810249676,0.1923
209,9,4,93.7,80.9,685.2,23.2,26,4.9,8.544003745,0.2341
210,10,6,90.6,43.7,686.9,18.4,25,3.1,5.656854249,0.2423
211,8,6,93.5,139.4,594.2,5.1,96,5.8,8.062257748,0.26
212,9,5,94.3,85.1,692.3,20.1,47,4.9,8.062257748,0.2613
213,3,1,87.6,52.2,103.8,11,46,5.8,7.615773106,0.2735
214,3,6,91.7,35.8,80.8,17,27,4.9,5.656854249,0.2866
215,3,6,91.7,35.8,80.8,17,27,4.9,5.656854249,0.2866
216,9,7,92.4,124.1,680.7,16.9,60,1.3,5.656854249,0.2948
217,9,1,88.6,91.8,709.9,12.4,73,6.3,3.16227766,0.3032
218,9,3,92.9,133.3,699.6,19.4,19,1.3,6.403124237,0.3172
219,3,1,90.1,39.7,86.6,15.2,27,3.1,7.810249676,0.3186
220,8,7,90.2,99.6,631.2,16.2,59,3.1,10,0.3207
221,9,5,93.3,141.2,713.9,18.6,49,3.6,5,0.3588
222,3,1,87.6,52.2,103.8,11,46,5.8,5,0.3685
223,7,5,88.3,150.3,309.9,13.4,79,3.6,2.828427125,0.3702
224,9,3,90.1,82.9,735.7,15.4,57,4.5,8.062257748,0.3771
225,9,7,93.5,149.3,728.6,22.9,39,4.9,5.656854249,0.4855
226,10,1,91.7,48.5,696.1,16.1,44,4,8.602325267,0.4937
227,8,6,92.2,81.8,480.8,20.1,34,4.5,10,0.583
228,9,7,93.5,149.3,728.6,28.3,26,3.1,7.211102551,0.641
229,8,6,92.2,81.8,480.8,16.4,43,4,10,0.713
230,9,3,92.9,133.3,699.6,26.4,21,4.5,5.656854249,0.8849
231,9,7,93.5,149.3,728.6,27.8,27,3.1,5.099019514,0.9518
232,9,2,91,129.5,692.6,18.7,43,2.7,7.211102551,1.0339
233,9,2,84.4,73.4,671.9,24.3,36,3.1,9.848857802,1.0566
234,9,6,92.5,121.1,674.4,17.7,25,3.1,6.403124237,1.5488
235,8,7,91.4,142.4,601.4,19.6,41,5.8,10,1.9648
236,9,6,92.5,121.1,674.4,18.2,46,1.8,2.828427125,2.0094
237,9,2,91,129.5,692.6,18.8,40,2.2,2.236067977,2.1288
238,9,6,92.5,121.1,674.4,25.1,27,4,7.810249676,10.9084
239,4,7,81.9,3,7.9,13.4,75,1.8,8.602325267,0
240,4,3,88,17.2,43.5,15.2,51,2.7,6.708203932,0
241,4,5,83,23.3,85.3,16.7,20,3.1,5.656854249,0
242,8,7,94.2,122.3,589.9,15.4,66,4,4.472135955,0.1013
243,8,7,91.8,175.1,700.7,21.9,73,7.6,8.062257748,0
244,8,7,91.8,175.1,700.7,22.4,54,7.6,4.472135955,0.0287
245,8,7,91.8,175.1,700.7,26.8,38,6.3,5,0.0076
246,8,7,91.8,175.1,700.7,25.7,39,5.4,6.403124237,0.0009
247,8,3,92.2,91.6,503.6,20.7,70,2.2,4.472135955,0.0075
248,8,3,93.1,157.3,666.7,28.7,28,2.7,10,0
249,8,3,93.1,157.3,666.7,21.7,40,0.4,5,0.0247
250,8,3,93.1,157.3,666.7,26.8,25,3.1,9.433981132,0.0068
251,8,3,93.1,157.3,666.7,24,36,3.1,9.433981132,0.0024
252,8,3,93.1,157.3,666.7,22.1,37,3.6,7.810249676,0.0021
253,8,4,91.9,109.2,565.5,21.4,38,2.7,8.062257748,0.0152
254,8,4,91.6,138.1,621.7,18.9,41,3.1,6.708203932,0.1034
255,8,4,87.5,77,694.8,22.3,46,4,5.385164807,0
256,8,6,94.2,117.2,581.1,23.9,41,2.2,10,0.0802
257,8,6,94.2,117.2,581.1,21.4,44,2.7,5,0.0068
258,8,6,91.8,170.9,692.3,20.6,59,0.9,5,0
259,8,6,91.8,170.9,692.3,23.7,40,1.8,8.062257748,0.0138
260,8,1,93.6,97.9,542,28.3,32,4,4.472135955,0.0885
261,8,5,91.6,112.4,573,11.2,84,7.6,5,0.033
262,8,5,91.6,112.4,573,21.4,42,3.1,4.472135955,0.0425
263,8,5,91.1,141.1,629.1,19.3,39,3.6,6.708203932,0.0156
264,8,5,94.3,167.6,684.4,21.8,53,3.1,5.656854249,0.0654
265,8,2,93.7,102.2,550.3,22.1,54,7.6,5.656854249,0.0079
266,8,2,94.3,131.7,607.1,19.4,55,4,7.810249676,0.0017
267,8,2,92.1,152.6,658.2,23.7,24,3.1,2.828427125,0
268,8,2,92.1,152.6,658.2,21,32,3.1,5,0
269,8,2,92.1,152.6,658.2,19.1,53,2.7,5.656854249,0.044
270,8,2,92.1,152.6,658.2,21.8,56,3.1,2.828427125,0.0052
271,8,2,92.1,152.6,658.2,20.1,58,4.5,10,0.0927
272,8,2,92.1,152.6,658.2,20.2,47,4,5.385164807,0.0309
273,12,7,84.4,27.2,353.5,4.8,57,8.5,7.211102551,0.0898
274,12,3,84,27.8,354.6,5.1,61,8,10,0.1119
275,12,4,84.6,26.4,352,5.1,61,4.9,7.211102551,0.0538
276,12,1,85.4,25.4,349.7,4.6,21,8.5,5.656854249,0.1785
277,12,1,85.4,25.4,349.7,4.6,21,8.5,5,0.1073
278,12,1,85.4,25.4,349.7,4.6,21,8.5,5.656854249,0.2203
279,12,1,85.4,25.4,349.7,4.6,21,8.5,5.656854249,0.0977
280,12,5,84.7,26.7,352.6,2.2,59,4.9,7.211102551,0.0927
281,12,2,85.4,25.4,349.7,5.1,24,8.5,7.810249676,0.2477
282,2,7,84.9,27.5,353.5,4.2,51,4,6.708203932,0
283,2,3,86.9,6.6,18.7,8.8,35,3.1,5,0.011
284,2,5,85.2,4.9,15.8,7.5,46,8,6.403124237,0.2424
285,7,7,93.9,169.7,411.8,23.4,40,6.3,5.385164807,0
286,7,3,91.2,183.1,437.7,12.6,90,7.6,9.219544457,0
287,7,6,91.6,104.2,474.9,22.1,49,2.7,8.062257748,0
288,7,6,91.6,104.2,474.9,24.2,32,1.8,8.062257748,0
289,7,6,91.6,104.2,474.9,24.3,30,1.8,8.062257748,0
290,7,6,91.6,104.2,474.9,18.7,53,1.8,5.385164807,0
291,7,6,91.6,104.2,474.9,25.3,39,0.9,9.848857802,0.08
292,7,5,91.6,100.2,466.3,22.9,40,1.3,6.403124237,0.0264
293,7,2,93.1,180.4,430.8,26.9,28,5.4,9.219544457,0.8645
294,7,2,92.3,88.8,440.9,17.1,67,3.6,10,0.0657
295,6,7,93.1,180.4,430.8,22.2,48,1.3,8.602325267,0
296,6,7,90.4,89.5,290.8,14.3,46,1.8,7.211102551,0.009
297,6,7,90.4,89.5,290.8,15.4,45,2.2,10,0
298,6,3,91.2,147.8,377.2,19.6,43,4.9,10,0
299,6,6,53.4,71,233.8,10.6,90,2.7,7.810249676,0
300,6,1,90.4,93.3,298.1,20.7,25,4.9,7.810249676,0
301,6,1,90.4,93.3,298.1,19.1,39,5.4,7.810249676,0.0352
302,6,5,91.1,94.1,232.1,19.2,38,4.5,6.708203932,0
303,6,5,91.1,94.1,232.1,19.2,38,4.5,6.708203932,0
304,5,6,85.1,28,113.8,11.3,94,4.9,7.810249676,0
305,9,7,89.6,84.1,714.3,19,52,2.2,4.123105626,0
306,9,7,89.6,84.1,714.3,17.1,53,5.4,8.062257748,0.0041
307,9,7,89.6,84.1,714.3,23.8,35,3.6,5,0.0518
308,9,7,92.4,105.8,758.1,16,45,1.8,4.472135955,0
309,9,7,92.4,105.8,758.1,24.9,27,2.2,4.472135955,0
310,9,7,92.4,105.8,758.1,25.3,27,2.7,8.062257748,0
311,9,7,92.4,105.8,758.1,24.8,28,1.8,6.708203932,0.1429
312,9,7,50.4,46.2,706.6,12.2,78,6.3,4.472135955,0
313,9,3,92.6,115.4,777.1,24.3,27,4.9,7.810249676,0
314,9,3,92.6,115.4,777.1,19.7,41,1.8,5.656854249,0.0158
315,9,3,91.2,134.7,817.5,18.5,30,2.7,5,0
316,9,4,92.4,96.2,739.4,18.6,24,5.8,6.403124237,0
317,9,4,92.4,96.2,739.4,19.2,24,4.9,5.656854249,0.0378
318,9,4,92.8,119,783.5,21.6,27,2.2,7.810249676,0
319,9,4,92.8,119,783.5,21.6,28,6.3,6.403124237,0.0441
320,9,4,92.8,119,783.5,18.9,34,7.2,6.708203932,0.3436
321,9,4,92.8,119,783.5,16.8,28,4,4.123105626,0.0721
322,9,4,92.8,119,783.5,16.8,28,4,7.810249676,0.0101
323,9,4,90.7,136.9,822.8,12.9,39,2.7,5.830951895,0.0218
324,9,4,88.1,53.3,726.9,13.7,56,1.8,7.810249676,0.0442
325,9,6,92.2,102.3,751.5,24.2,27,3.1,4.123105626,0
326,9,6,92.2,102.3,751.5,24.1,27,3.1,6.403124237,0
327,9,6,92.2,102.3,751.5,21.2,32,2.2,7.810249676,0
328,9,6,92.2,102.3,751.5,19.7,35,1.8,7.810249676,0
329,9,6,92.2,102.3,751.5,23.5,27,4,5,0.0333
330,9,6,92.2,102.3,751.5,24.2,27,3.1,4.242640687,0.0658
331,9,6,91.2,124.4,795.3,21.5,28,4.5,8.062257748,0.1564
332,9,6,91.2,124.4,795.3,17.1,41,2.2,5.656854249,0.1122
333,9,1,92.1,87.7,721.1,18.1,54,3.1,4.123105626,0.0213
334,9,1,91.6,108.4,764,18,51,5.4,3.605551275,0
335,9,1,91.6,108.4,764,9.8,86,1.8,5,0
336,9,1,91.6,108.4,764,19.3,44,2.2,8.062257748,0
337,9,1,91.6,108.4,764,23,34,2.2,6.708203932,0.5604
338,9,1,91.6,108.4,764,22.7,35,2.2,10,0.0748
339,9,1,91.6,108.4,764,20.4,41,1.8,4.472135955,0.0147
340,9,1,91.6,108.4,764,19.3,44,2.2,5.385164807,0.0393
341,9,1,91.9,111.7,770.3,15.7,51,2.2,10,0
342,9,1,91.5,130.1,807.1,20.6,37,1.8,6.708203932,0
343,9,1,91.5,130.1,807.1,15.9,51,4.5,10,0.0218
344,9,1,91.5,130.1,807.1,12.2,66,4.9,6.708203932,0.061
345,9,1,91.5,130.1,807.1,16.8,43,3.1,2.828427125,0.0583
346,9,1,91.5,130.1,807.1,21.3,35,2.2,4.123105626,0.2819
347,9,5,92.1,99,745.3,10.1,75,3.6,6.403124237,0
348,9,5,92.1,99,745.3,17.4,57,4.5,5,0
349,9,5,92.1,99,745.3,12.8,64,3.6,6.403124237,0.0164
350,9,5,92.1,99,745.3,10.1,75,3.6,6.403124237,0.0371
351,9,5,92.1,99,745.3,15.4,53,6.3,5.656854249,0.0731
352,9,5,92.1,99,745.3,20.6,43,3.6,8.062257748,0.0203
353,9,5,92.1,99,745.3,19.8,47,2.7,8.062257748,0.0172
354,9,5,92.1,99,745.3,18.7,50,2.2,8.062257748,0.0597
355,9,5,92.1,99,745.3,20.8,35,4.9,5.656854249,0.1306
356,9,5,92.1,99,745.3,20.8,35,4.9,5.656854249,0.0126
357,9,5,92.5,122,789.7,15.9,55,3.6,6.708203932,0
358,9,5,92.5,122,789.7,19.7,39,2.7,6.708203932,0
359,9,5,92.5,122,789.7,21.1,39,2.2,4.123105626,0.0812
360,9,5,92.5,122,789.7,18.4,42,2.2,7.810249676,0.0109
361,9,5,92.5,122,789.7,17.3,45,4,5,0.0394
362,9,5,88.2,55.2,732.3,15.2,64,3.1,8.062257748,0.0052
363,9,2,91.9,111.7,770.3,15.9,53,2.2,5,0.0293
364,9,2,91.9,111.7,770.3,21.1,35,2.7,7.810249676,0.0565
365,9,2,91.9,111.7,770.3,19.6,45,3.1,7.810249676,0.2003
366,9,2,91.1,132.3,812.1,15.9,38,5.4,6.403124237,0.0175
367,9,2,91.1,132.3,812.1,16.4,27,3.6,6.403124237,0
368,9,6,91.2,94.3,744.4,16.8,47,4.9,7.810249676,0.1264
369,9,7,91,276.3,825.1,13.8,77,7.6,6.403124237,0
370,9,7,91,276.3,825.1,13.8,77,7.6,8.062257748,0.1106
371,7,3,91.9,133.6,520.5,14.2,58,4,5,0
372,8,7,92,203.2,664.5,10.4,75,0.9,6.403124237,0
373,8,4,94.8,222.4,698.6,20.3,42,2.7,6.403124237,0
374,9,5,90.3,290,855.3,10.3,78,4,7.810249676,0.183
375,9,6,91.2,94.3,744.4,15.4,57,4.9,7.810249676,0.3935
376,8,1,92.1,207,672.6,21.1,54,2.2,10,0
377,8,6,93.7,231.1,715.1,21.9,42,2.2,2.828427125,1.7463
378,3,4,90.9,18.9,30.6,8.7,51,5.8,7.810249676,0
379,1,7,18.7,1.1,171.4,5.2,100,0.9,6.403124237,0
380,7,3,93.7,101.3,458.8,19.3,39,7.2,6.403124237,0.0773
381,8,4,90.7,194.1,643,16.2,63,2.7,10,0.1633
382,8,3,95.2,217.7,690,28.2,29,1.8,10,0.0586
383,8,4,91.6,248.4,753.8,20.5,58,2.7,10.81665383,0.4287
384,8,6,91.6,273.8,819.1,21.3,44,4.5,8.94427191,0.1218
385,8,7,91.6,181.3,613,20.9,50,2.2,4.472135955,0.16
386,9,7,90.5,96.7,750.5,20.6,55,5.4,5,0.2459
387,3,4,90.9,18.9,30.6,11.6,48,5.4,7.071067812,0
388,8,5,94.8,227,706.7,23.3,34,3.1,7.211102551,0.2874
389,8,5,94.8,227,706.7,23.3,34,3.1,8.062257748,0
390,2,1,84.7,9.5,58.3,7.5,71,6.3,8.062257748,0.0996
391,9,5,91.1,91.3,738.1,20.7,46,2.7,10,0.3018
392,9,7,91,276.3,825.1,21.9,43,4,3.16227766,0.7076
393,3,2,93.4,15,25.6,15.2,19,7.6,4.472135955,0
394,2,1,84.1,4.6,46.7,5.3,68,1.8,7.810249676,0
395,2,7,85,9,56.9,10.1,62,1.8,6.403124237,0.5178
396,9,7,90.5,96.7,750.5,20.4,55,4.9,5,0.0364
397,8,7,91.6,181.3,613,24.3,33,3.6,7.810249676,0.0363
398,8,6,93.7,231.1,715.1,25.9,32,3.1,2.236067977,0
399,6,3,93.3,49.5,297.7,28,34,4.5,10.29563014,0
400,6,3,93.3,49.5,297.7,28,34,4.5,10.29563014,0.0816
401,9,4,91.1,88.2,731.7,22.8,46,4,5,0.0495
402,8,5,94.8,227,706.7,25,36,4,12.72792206,0
403,8,4,90.7,194.1,643,21.3,41,3.6,10,0
404,9,3,87.9,84.8,725.1,21.8,34,2.2,4.472135955,0.0604
405,8,2,94.6,212.1,680.9,27.9,27,2.2,2.828427125,0
406,9,6,87.1,291.3,860.6,17,67,4.9,7.810249676,0.0395
407,2,6,84.7,8.2,55,14.2,46,4,6.403124237,0
408,9,5,90.3,290,855.3,19.9,44,3.1,5,0.078
409,7,2,92.3,96.2,450.2,23.4,31,5.4,4.123105626,0
410,2,5,84.1,7.3,52.8,14.7,42,2.7,6.708203932,0
411,2,5,84.6,3.2,43.6,8.2,53,9.4,8.062257748,0.0462
412,7,1,92.3,92.1,442.1,22.8,27,4.5,9.848857802,0.0163
413,8,6,93.7,231.1,715.1,26.4,33,3.6,8.602325267,0
414,8,7,93.6,235.1,723.1,24.1,50,4,6.403124237,0
415,8,4,94.8,222.4,698.6,27.5,27,4.9,10,7.4628
416,7,2,92.7,164.1,575.8,26.3,39,3.1,6.708203932,0.0702
417,3,3,93.4,17.3,28.3,13.8,24,5.8,7.810249676,0
418,8,7,92,203.2,664.5,24.9,42,5.4,4.472135955,0.0244
419,8,7,91.6,181.3,613,24.8,36,4,5.385164807,0.0305
420,8,3,91.7,191.4,635.9,26.2,36,4.5,11.3137085,1.8576
421,8,3,95.2,217.7,690,30.8,19,4.5,4.472135955,0
422,7,7,88.9,263.1,795.9,29.3,27,3.6,10,0.063
423,9,6,91.2,94.3,744.4,22.3,48,4,3.16227766,0.0072
424,8,6,93.7,231.1,715.1,26.9,31,3.6,10,0.0496
425,8,4,91.6,248.4,753.8,20.4,56,2.2,2.828427125,0
426,8,4,91.6,248.4,753.8,20.4,56,2.2,10,0
427,8,1,92.1,207,672.6,27.9,33,2.2,4.472135955,0.0235
428,8,4,94.8,222.4,698.6,26.2,34,5.8,3.16227766,0
429,8,7,91.6,181.3,613,24.6,44,4,5,0.032
430,9,4,89.7,287.2,849.3,19.4,45,3.6,8.062257748,0
431,8,6,92.1,178,605.3,23.3,40,4,3.16227766,0.0636
432,8,4,94.8,222.4,698.6,23.9,38,6.7,10,0
433,8,7,93.6,235.1,723.1,20.9,66,4.9,4.472135955,0.1534
434,8,5,90.6,269.8,811.2,22.2,45,3.6,4.123105626,0
435,7,6,90.8,84.7,376.6,23.8,51,1.8,5.385164807,0
436,8,1,92.1,207,672.6,26.8,35,1.3,10,0.0054
437,8,6,89.4,253.6,768.4,14.2,73,2.7,10,0
438,8,6,93.7,231.1,715.1,23.6,53,4,5.385164807,0.0643
439,9,5,91.1,91.3,738.1,19.1,46,2.2,3.16227766,0.0033
440,9,5,90.3,290,855.3,16.2,58,3.6,6.403124237,0
441,8,1,92.1,207,672.6,25.5,29,1.8,10,0.0123
442,4,1,87.9,24.9,41.6,10.9,64,3.1,7.810249676,0.0335
443,7,5,90.7,80.9,368.3,14.8,78,8,2.236067977,0
444,9,5,90.3,290,855.3,16.2,58,3.6,5.385164807,0.0996
445,8,7,94,47.9,100.7,17.3,80,4.5,7.071067812,0
446,8,7,92,203.2,664.5,19.1,70,2.2,7.810249676,0
447,3,3,93.4,17.3,28.3,8.9,35,8,5,0
448,9,3,89.7,284.9,844,10.5,77,4,8.062257748,0
449,8,7,91.6,181.3,613,19.3,61,4.9,8.062257748,0
450,8,3,95.2,217.7,690,23.4,49,5.4,6.403124237,0.0643
451,8,5,90.5,196.8,649.9,11.8,88,4.9,4.123105626,0.0971
452,8,1,91.5,238.2,730.6,17.7,65,4,8.062257748,0
453,8,4,89.4,266.2,803.3,17.4,54,3.1,6.403124237,0
454,8,4,91.6,248.4,753.8,16.8,56,3.1,5,0
455,7,1,94.6,160,567.2,17.9,48,2.7,5,0
456,8,4,91.6,248.4,753.8,16.6,59,2.7,4.472135955,0
457,8,3,91.7,191.4,635.9,19.9,50,4,4.123105626,0.8275
458,8,6,93.7,231.1,715.1,18.9,64,4.9,10,0.0332
459,8,6,91.6,273.8,819.1,15.5,72,8,8.062257748,0.0194
460,8,6,93.7,231.1,715.1,18.9,64,4.9,5.385164807,0
461,8,6,93.7,231.1,715.1,18.9,64,4.9,10,0
462,9,7,91,276.3,825.1,14.5,76,7.6,4.123105626,0.0371
463,2,2,75.1,4.4,16.2,4.6,82,6.3,7.810249676,0.0539
464,2,2,75.1,4.4,16.2,5.1,77,5.4,7.211102551,0.0214
465,2,6,79.5,3.6,15.3,4.6,59,0.9,2.828427125,0.0684
466,3,1,87.2,15.1,36.9,10.2,45,5.8,7.810249676,0.0318
467,3,3,90.2,18.5,41.1,11.2,41,5.4,5,0.0555
468,3,4,91.3,20.6,43.5,13.3,27,3.6,7.810249676,0.0661
469,4,7,91,14.6,25.6,13.7,33,9.4,6.708203932,0.6113
470,4,7,91,14.6,25.6,17.6,27,5.8,6.403124237,0
471,5,5,89.6,25.4,73.7,18,40,4,5,0.3848
472,6,1,88.2,96.2,229,14.3,79,4,8.544003745,0.0194
473,6,6,90.5,61.1,252.6,24.5,50,3.1,9.848857802,0.7032
474,6,4,93,103.8,316.7,26.4,35,2.7,5,0.1008
475,6,4,93.7,121.7,350.2,22.7,40,9.4,5.385164807,0.0319
476,7,4,93.5,85.3,395,27.2,28,1.3,5,0.0176
477,7,7,93.7,101.3,423.4,26.1,45,4,5,0.0736
478,7,7,93.7,101.3,423.4,18.2,82,4.5,8.062257748,0.0221
479,7,1,89.2,103.9,431.6,22.6,57,4.9,8.062257748,2.7853
480,7,4,93.2,114.4,560,30.2,25,4.5,12.72792206,0.0275
481,7,4,93.2,114.4,560,30.2,22,4.9,5,0
482,8,7,94.9,130.3,587.1,23.4,40,5.8,5,0.0129
483,8,7,94.9,130.3,587.1,31,27,5.4,10,0
484,8,7,94.9,130.3,587.1,33.1,25,4,5.385164807,0.2643
485,8,1,95,135.5,596.3,30.6,28,3.6,4.472135955,0.0207
486,8,2,95.1,141.3,605.8,24.1,43,6.3,6.403124237,0.02
487,8,2,95.1,141.3,605.8,26.4,34,3.6,6.403124237,0.164
488,8,2,95.1,141.3,605.8,19.4,71,7.6,5.656854249,0.467
489,8,3,95.1,141.3,605.8,20.6,58,1.3,5.656854249,0
490,8,3,95.1,141.3,605.8,28.7,33,4,5.656854249,0
491,8,4,95.8,152,624.1,32.4,21,4.5,5.656854249,0
492,8,5,95.9,158,633.6,32.4,27,2.2,3.16227766,0
493,8,5,95.9,158,633.6,27.5,29,4.5,3.16227766,0.4332
494,8,6,96,164,643,30.8,30,4.9,8.485281374,0.0859
495,8,1,96.2,175.5,661.8,23.9,42,2.2,8.485281374,0
496,8,1,96.2,175.5,661.8,32.6,26,3.1,6.403124237,0.0277
497,8,2,96.1,181.1,671.2,32.3,27,2.2,5,0.1468
498,8,2,96.1,181.1,671.2,33.3,26,2.7,7.810249676,0.4054
499,8,2,96.1,181.1,671.2,27.3,63,4.9,8.602325267,0.1082
500,8,2,96.1,181.1,671.2,21.6,65,4.9,10,0
501,8,2,96.1,181.1,671.2,21.6,65,4.9,8.602325267,0
502,8,2,96.1,181.1,671.2,20.7,69,4.9,5.656854249,0
503,8,3,94.5,139.4,689.1,29.2,30,4.9,4.472135955,0.0195
504,8,3,94.5,139.4,689.1,28.9,29,4.9,5,0.4959
505,8,4,91,163.2,744.4,26.7,35,1.8,2.236067977,0.058
506,8,5,91,166.9,752.6,18.5,73,8.5,2.236067977,0
507,8,5,91,166.9,752.6,25.9,41,3.6,4.472135955,0
508,8,5,91,166.9,752.6,25.9,41,3.6,2.236067977,0
509,8,5,91,166.9,752.6,21.1,71,7.6,6.403124237,0.0217
510,8,5,91,166.9,752.6,18.2,62,5.4,7.810249676,0.0043
511,8,7,81.6,56.7,665.6,27.8,35,2.7,10,0
512,8,7,81.6,56.7,665.6,27.8,32,2.7,5,0.0644
513,8,7,81.6,56.7,665.6,21.9,71,5.8,4.472135955,0.5429
514,8,7,81.6,56.7,665.6,21.2,70,6.7,8.062257748,0.1116
515,8,6,94.4,146,614.7,25.6,42,4,4.123105626,0
516,11,2,79.5,3,106.7,11.8,31,4.5,6.708203932,0
